X,Y,Z
0.140028008402801,-0.816496580927726,0.560112033611204
0.1302884800566431,-0.8164348593754959,0.5625469156977435
0.12055042419382817,-0.8162497040502591,0.5649814296634471
0.11081531307507991,-0.8159411429449658,0.5674152074431341
0.10108461851591707,-0.8155092227098306,0.569847881082925
0.0913598116641349,-0.8149540086452799,0.5722790827958705
0.08164236277738798,-0.8142755846920788,0.5747084450175571
0.0719337410009074,-0.8134740534186408,0.5771356004616771
0.062235414145385984,-0.8125495360055206,0.5795601821755576
0.05254884846506537,-0.8115021722270936,0.5819818235956378
0.042875508436058585,-0.8103321204304239,0.5844001586028895
0.03321685653494129,-0.8090395575113241,0.5868148215781688
0.02357435301764521,-0.807624678887611,0.5892254474574928
0.013949455698687635,-0.8060876984695617,0.5916316717872322
0.004343619730769549,-0.8044288486275728,0.5940331307792116
-0.005241702615223137,-0.8026483801570291,0.59642946136571
-0.014805062169783473,-0.8007465622403872,0.5988203012543502
-0.02434501308387793,-0.7987236824064786,0.6012052889828736
-0.0338601130475388,-0.796580046487039,0.6035840639737887
-0.043348923507921855,-0.7943159785704711,0.6059562665888845
-0.05281000988679582,-0.7919318209528466,0.6083215381836032
-0.062241941797431116,-0.7894279340861564,0.610679521161262
-0.07164329326085464,-0.7868046965238141,0.6130298590271178
-0.08101264292143787,-0.7840625048634245,0.6153721964422637
-0.09034857426178713,-0.7812017736868238,0.617706179277351
-0.09964967581690115,-0.7782229354973997,0.6200314546661294
-0.10891454138756512,-0.7751264406547036,0.6223476710587954
-0.11814177025294928,-0.7719127573063618,0.6246544782751414
-0.12732996738237826,-0.7685823713172983,0.6269515275574987
-0.1364777436462406,-0.7651357861962788,0.6292384716234644
-0.14558371602600692,-0.7615735230197866,0.6315149647184058
-0.154646507823322,-0.7578961203532436,0.6337806626677347
-0.1636647488681442,-0.7541041341695858,0.6360352229289403
-0.1726370757258952,-0.7501981377652084,0.638278304643378
-0.18156213190359355,-0.7461787216732915,0.6405095686878024
-0.19043856805493703,-0.7420464935745182,0.6427286777256385
-0.19926504218430616,-0.7378020782052036,0.6449352962579806
-0.20804021984965493,-0.7334461172628414,0.647129090674318
-0.21676277436426059,-0.7289792693090891,0.6493097293029693
-0.22543138699729992,-0.7244022096702021,0.6514768824612293
-0.23404474717322418,-0.7197156303349337,0.6536302225052102
-0.24260155266989927,-0.714920239849916,0.655769423879379
-0.2511005098154846,-0.710016763212537,0.6578941631657754
-0.2595403336840182,-0.7050059417613314,0.6600041191329088
-0.26791974828967985,-0.6998885330638996,0.6620989727843242
-0.27623748677970306,-0.6946653108023751,0.6641784074068299
-0.2844922916259053,-0.6893370646564531,0.6662421086183805
-0.29268291481480974,-0.6839046001840021,0.6682897644156067
-0.30080811803632723,-0.6783687386992754,0.6703210652209859
-0.30886667287097197,-0.6727303171487381,0.6723357039296473
-0.3168573609755818,-0.666990187984534,0.6743333759557996
-0.3247789742675153,-0.6611492190356049,0.676313779278783
-0.3326303151072964,-0.6552082933764878,0.6782766144887283
-0.3404101964796826,-0.6491683091938057,0.6802215848318247
-0.3481174421731234,-0.6430301796504742,0.6821483962551851
-0.3557508869575895,-0.6367948327476438,0.6840567574513015
-0.3633093767607382,-0.6304632111843984,0.6859463799020888
-0.3707917688423937,-0.624036272215233,0.6878169779225026
-0.378196931967314,-0.6175149875053291,0.6896682687037328
-0.38552374657621813,-0.6109003429836526,0.6914999723559585
-0.39277110495504775,-0.6041933386938945,0.693311811950666
-0.39993791140243884,-0.5973949886432787,0.6951035135625139
-0.4070230823953767,-0.5905063206492571,0.6968748063107484
-0.4140255467530097,-0.5835283761841185,0.6986254224001567
-0.420944245798597,-0.5764622102175315,0.7003550971615533
-0.4277781335195658,-0.5693088910570482,0.7020635690917957
-0.4345261767256554,-0.5620695001865902,0.7037505798933179
-0.44118735520511915,-0.5547451321029432,0.705415874513184
-0.447760661878969,-0.5473368941502844,0.7070592011816463
-0.4542451029532304,-0.5398459063527666,0.7086803114502117
-0.4606396980691903,-0.5322733012451866,0.7102789602292018
-0.4669434804516155,-0.5246202237017608,0.7118549058248078
-0.47315549705491394,-0.516887830763036,0.7134079099756327
-0.4792748087072235,-0.5090772914609614,0.7149377378887098
-0.4853004902524009,-0.5011897866421459,0.7164441582750045
-0.49123163068989406,-0.49322650878933116,0.7179269433843776
-0.4970673333124711,-0.48518866184110404,0.7193858690400219
-0.5028067158417917,-0.47707746100987763,0.7208207146723522
-0.5084489105617946,-0.4688941325981682,0.7222312633523527
-0.5139930644498851,-0.4606399138131942,0.7236173018243754
-0.5194383393058998,-0.45231605257982815,0.7249786205383789
-0.5247839118788309,-0.44392380735192755,0.726315013681612
-0.5300289739912913,-0.4354644469220735,0.7276262792097271
-0.5351727326616994,-0.42693925022974644,0.7289122188773289
-0.5402144102241666,-0.4183495061679688,0.7301726382679459
-0.5451532444460709,-0.40969651338844104,0.7314073468234219
-0.5499884886432949,-0.4009815801052047,0.7326161578727279
-0.5547194117931147,-0.3922060238968565,0.733798888660183
-0.5593452986447207,-0.38337117150734995,0.7349553603730844
-0.5638654498273536,-0.3744783586454092,0.7360853981687426
-0.5682791819560398,-0.36552892978258833,0.7371888312009142
-0.572585827734909,-0.3565242379500056,0.7382654926456315
-0.5767847360580816,-0.34746564453378387,0.7393152197264246
-0.5808752721081056,-0.3383545190692272,0.7403378537389307
-0.5848568174519339,-0.32919223903376643,0.7413332400748875
-0.588728770134421,-0.31998018963870284,0.7423012282455095
-0.592490544769332,-0.3107197636197839,0.7432416719042372
-0.5961415726278443,-0.30141236102663993,0.7441544288688653
-0.5996813017245316,-0.2920593890111161,0.745039361143037
-0.6031091969008162,-0.2826622616145309,0.7458963349371083
-0.6064247399058791,-0.2732223995538913,0.746725220688374
-0.60962742947501,-0.26374123000710076,0.7475258930806566
-0.612716781405394,-0.2542201863971888,0.7482982310632528
-0.6156923286293156,-0.24466070817559768,0.749042117869233
-0.6185536212847718,-0.23506424060455655,0.7497574410330972
-0.6213002267834875,-0.22543223453857766,0.7504440924077761
-0.6239317298763143,-0.21576614620510773,0.7511019681809827
-0.6264477327160125,-0.20606743698436503,0.7517309688909073
-0.6288478549173988,-0.19633757318839976,0.7523309994412538
-0.6311317336148563,-0.18657802583940714,0.7529019691156184
-0.6332990235171947,-0.17679027044732937,0.7534437915912029
-0.6353493969598524,-0.1669757867867785,0.7539563849518672
-0.6372825439544365,-0.15713605867331468,0.7544396717005133
-0.639098172235588,-0.14727257373911426,0.7548935787708012
-0.6407960073051684,-0.13738682320805906,0.7553180375381963
-0.6423757924737599,-0.12748030167028457,0.7557129838303442
-0.6438372888994741,-0.11755450685621806,0.7560783579367727
-0.6451802756240602,-0.10761093941014227,0.7564141046179191
-0.6464045496063122,-0.0976511026633185,0.7567201731134823
-0.6475099257527658,-0.08767650240670403,0.7569965171500954
-0.6484962369456808,-0.07768864666329622,0.7572430949483244
-0.6493633340683085,-0.06768904546014068,0.7574598692289812
-0.6501110860274353,-0.05767921060003576,0.757646807218763
-0.6507393797732024,-0.047660655432968616,0.7578038806552045
-0.6512481203161973,-0.03763489462731744,0.7579310657909533
-0.6516372307418148,-0.02760344394085416,0.7580283433973579
-0.6519066522218865,-0.017567819991583283,0.7580956987673757
-0.6520563440235726,-0.00752954002844901,0.7581331217177972
-0.6520862835155221,0.0025098782980513593,0.7581406065907847
-0.651996466171294,0.012548917165315565,0.7581181522547278
-0.6517869055700412,0.02258605880811039,0.7580657621044146
-0.6514576333944573,0.03261978574803698,0.7579834440605184
-0.6510086994259869,0.042648581022952985,0.757871210568401
-0.6504401715373003,0.05267092841631576,0.7577290785962293
-0.6497521356820304,0.06268531268641457,0.7575570696324119
-0.6489446958817786,0.07269021979545377,0.7573552096823488
-0.6480179742103881,0.08268413713845468,0.7571235292645011
-0.646972110775488,0.09266555377194081,0.7568620634057762
-0.6458072636973109,0.10263296064237179,0.756570851636232
-0.6445236090847872,0.11258485081429177,0.7562499379831009
-0.6431213410089199,0.1225197196981568,0.755899370964134
-0.6416006714734437,0.13243606527780913,0.7555192035802651
-0.639961830382773,0.14233238833756084,0.7551094933075975
-0.6382050655072438,0.1522071926888549,0.7546703020887151
-0.6363306424456532,0.16205898539646843,0.7542016963233176
-0.6343388445851056,0.17188627700422407,0.7537037468581805
-0.6322299730581683,0.181687581760175,0.7531765289764462
-0.6300043466973435,0.1914614178412309,0.7526201223862401
-0.6276623019868663,0.20120630757718902,0.7520346112086208
-0.6252041930118322,0.21092077767413764,0.7514200839648623
-0.6226303914046645,0.22060335943719794,0.7507766335630703
-0.6199412862889284,0.23025258899257064,0.7501043572841362
-0.6171372842205013,0.23986700750885384,0.7494033567670294
-0.6142188091261065,0.24944516141759757,0.7486737379934308
-0.6111863022392218,0.2589856026330646,0.7479156112717096
-0.6080402220333705,0.26848688877116045,0.7471290912202468
-0.6047810441528074,0.27794758336750214,0.7463142967501061
-0.6014092613406069,0.2873662560945923,0.7454713510470559
-0.5979253833641671,0.2967414829780646,0.7446003815529461
-0.594329936938141,0.3060718466119698,0.7437015199464394
-0.5906234656448031,0.3153559363730672,0.7427749021231049
-0.5868065298518681,0.32459234863409275,0.7418206681748711
-0.5828797066277704,0.3337796869759673,0.7408389623688468
-0.57884358965442,0.3429165623989168,0.7398299331255092
-0.5746987891374449,0.35200159353246885,0.7387937329962655
-0.5704459317139374,0.3610334068442989,0.7377305186403886
-0.5660856603577147,0.37001063684788743,0.7366404508013328
-0.5616186342821092,0.3789319263089647,0.7355236942824315
-0.5570455288403064,0.38779592645070426,0.7343804179219808
-0.5523670354232391,0.3966012971576414,0.733210794567714
-0.5475838613550588,0.4053467071782784,0.732015001050669
-0.5426967297861991,0.4140308343263524,0.730793218158454
-0.5377063795840437,0.42265236568073283,0.7295456306079149
-0.5326135652212209,0.4312099977839147,0.7282724270172094
-0.5274190566615369,0.4397024368390865,0.7269737998772885
-0.5221236392435687,0.4481283989057316,0.7256499455227962
-0.5167281135619306,0.456486610093745,0.7243010641023868
-0.511233295346236,0.4647758067560265,0.7229273595484632
-0.5056400153377705,0.4729947356795269,0.7215290395463468
-0.4999491191638938,0.4811421542747182,0.7201063155028777
-0.4941614672101945,0.4892168307634536,0.7186594025144527
-0.48827793449040907,0.4972175443651983,0.7171885193345064
-0.48229941051413433,0.5051430854815925,0.7156938883404378
-0.47622679915234434,0.5129922558793268,0.7141757354999902
-0.4700610185007369,0.5207638688713,0.7126342903370882
-0.4638030007409317,0.5284567494960274,0.7110697858971371
-0.457453691999536,0.5360697346952816,0.709482458711788
-0.45101405220510377,0.5436016734899286,0.7078725487631802
-0.4444850549430074,0.5510514271539424,0.7062402994476562
-0.4378676873082452,0.5584178693865625,0.7045859575389652
-0.4311629497562059,0.5656998864825761,0.7029097731509557
-0.42437185595141297,0.5728963775006964,0.7012119996997574
-0.41749543261427413,0.5800062544300075,0.6994928938654725
-0.4105347193658528,0.5870284423544587,0.6977527155533674
-0.4034907685706944,0.5939618796153754,0.6959917278545779
-0.3963646451777204,0.6008055179719693,0.6942101970063342
-0.38915742655922525,0.6075583227598162,0.6924083923517104
-0.3818702023479907,0.614219273047284,0.6905865862989019
-0.3745040742725485,0.6207873617898841,0.6887450542800411
-0.3670601559906151,0.6272615959825212,0.686884074709558
-0.35953957292072036,0.633640996809624,0.6850039289420843
-0.35194346207206134,0.6399245997931268,0.6831049012299195
-0.34427297187260014,0.6461114549382869,0.6811872786800542
-0.33652926199543937,0.6522006268773101,0.6792513512107641
-0.3287135031834943,0.6581911950107651,0.6772974115077776
-0.3208268770724918,0.6640822536467668,0.6753257549800271
-0.31287057601232554,0.6698729121379029,0.6733366797149856
-0.3048458028867863,0.6755622950158894,0.6713304864336007
-0.29675377093170474,0.6811495421239276,0.6693074784448303
-0.28859570355152475,0.6866338087467495,0.6672679615997853
-0.2803728341343433,0.6920142657383261,0.6652122442454901
-0.2720864058654378,0.6972900996472234,0.6631406371782637
-0.26373767153931327,0.7024605128395859,0.6610534535967324
-0.2553278933702988,0.7075247236197258,0.6589510090544788
-0.24685834280171556,0.7124819663483074,0.656833621412333
-0.23833030031365413,0.7173314915580988,0.6547016107903176
-0.22974505522938157,0.7220725660672831,0.6525552995192495
-0.22110390552041517,0.7267044730903038,0.6503950120920079
-0.2124081576102861,0.731226512346234,0.6482210751144757
-0.20365912617702508,0.7356380001646492,0.6460338172561605
-0.19485813395440338,0.7399382695889882,0.643833569200505
-0.1860065115319507,0.7441266704773891,0.6416206635948919
-0.17710559715379148,0.7482025696009801,0.6393954350003521
-0.16815673651631738,0.7521653507396169,0.6371582198409834
-0.159161282564739,0.7560144147750448,0.634909356353089
-0.1501205952885385,0.7597491797814793,0.6326491845340388
-0.14103604151585608,0.7633690811135836,0.6303780460908682
-0.13190899470684703,0.7668735714918359,0.628096284388616
-0.12274083474603079,0.7702621210852708,0.6258042443984118
-0.11353294773367364,0.7735342175915819,0.6235022726453225
-0.10428672577622691,0.7766893663145756,0.6211907171559609
-0.09500356677586178,0.7797270902389618,0.6188699274058695
-0.08568487421912463,0.7826469301024721,0.6165402542666852
-0.07633205696474793,0.7854484444652946,0.6142020499530911
-0.06694652903065282,0.7881312097768127,0.6118556679695675
-0.05752970938016591,0.7906948204396412,0.6095014630569455
-0.04808302170749379,0.7931388888709456,0.6071397911387776
-0.038607894222479344,0.7954630455610406,0.6047710092675239
-0.0291057594346745,0.7976669391292548,0.6023954755705728
-0.01957805393676712,0.7997502363770537,0.6000135491960958
-0.010026218187384861,0.8017126223384158,0.5976255902587502
-0.0004516962933203694,0.8035538003274503,0.5952319597852344
0.009144064208800345,0.805273491983253,0.592833019659704
0.0187596125713638,0.8068714373119895,0.5904291325690633
0.028393495055102663,0.8083473947262035,0.5880206619481284
0.03804425514888274,0.8097011410813411,0.5856079719246835
0.04771043378990468,0.8109324717094873,0.583191427264428
0.057390569584297446,0.8120412004503095,0.5807713933158297
0.06708319902805804,0.8130271596792011,0.5783482359548896
0.07678685672831607,0.8138902003326258,0.5759223215298251
0.08650007562487882,0.8146301919306523,0.5734940168056846
0.09622138721203141,0.8152470225966825,0.5710636889088962
0.10594932176055619,0.8157405990743642,0.568631705271765
0.11568240853993295,0.8161108467416918,0.5661984335769209
0.12541917604069605,0.8163577096222869,0.5637642417017301
0.13515815219690386,0.8164811503938617,0.5613294976626783
0.14489786460869755,0.8164811503938618,0.5588945695597297
0.1546368407649057,0.8163577096222869,0.5564598255206777
0.16437360826566846,0.8161108467416918,0.5540256336454871
0.1741066950450455,0.8157405990743642,0.5515923619506427
0.18383462959356997,0.8152470225966825,0.5491603783135116
0.19355594118072297,0.8146301919306523,0.5467300504167235
0.20326916007728535,0.8138902003326258,0.5443017456925829
0.21297281777754334,0.8130271596792013,0.5418758312675183
0.2226654472213043,0.8120412004503095,0.539452673906578
0.23234558301569674,0.8109324717094875,0.5370326399579799
0.24201176165671906,0.8097011410813411,0.5346160952977245
0.25166252175049875,0.8083473947262035,0.5322034052742796
0.26129640423423794,0.8068714373119896,0.5297949346533446
0.2709119525968011,0.805273491983253,0.5273910475627039
0.2805077130989218,0.8035538003274504,0.5249921074371736
0.2900822349929866,0.8017126223384158,0.5225984769636574
0.29963407074236853,0.7997502363770538,0.520210518026312
0.3091617762402763,0.7976669391292548,0.5178285916518351
0.3186639110280807,0.7954630455610409,0.5154530579548838
0.32813903851309556,0.7931388888709456,0.5130842760836303
0.3375857261857673,0.7906948204396412,0.5107226041654624
0.3470025458362543,0.788131209776813,0.5083683992528407
0.3563880737703497,0.7854484444652947,0.5060220172693167
0.36574089102472607,0.7826469301024722,0.5036838129557227
0.3750595835814636,0.7797270902389618,0.5013541398165383
0.3843427425818283,0.7766893663145759,0.49903335006644706
0.39358896453927505,0.7735342175915821,0.4967217945770853
0.40279685155163253,0.7702621210852708,0.4944198228239961
0.41196501151244846,0.7668735714918361,0.492127782833792
0.4210920583214578,0.7633690811135837,0.48984602113153963
0.43017661209414,0.7597491797814795,0.48757488268836924
0.4392172993703408,0.7560144147750449,0.48531471086931904
0.4482127533219188,0.752165350739617,0.48306584738142455
0.4571616139593929,0.7482025696009804,0.48082863222205574
0.46606252833755246,0.7441266704773892,0.47860340362751597
0.4749141507600048,0.7399382695889886,0.47639049802190303
0.4837151429826269,0.7356380001646493,0.4741902499662475
0.4924641744158876,0.7312265123462343,0.47200299210793234
0.501159922326017,0.726704473090304,0.46982905513039996
0.509801072034983,0.7220725660672833,0.46766876770315846
0.5183863171192555,0.717331491558099,0.46552245643209034
0.5269143596073174,0.7124819663483075,0.46339044581007477
0.5353839101759004,0.7075247236197261,0.46127305816792913
0.543793688344915,0.7024605128395859,0.45917061362567546
0.5521424226710392,0.6972900996472238,0.4570834300441444
0.5604288509399451,0.6920142657383261,0.45501182297691795
0.5686517203571264,0.6866338087467497,0.4529561056226227
0.5768097877373063,0.6811495421239279,0.4509165887775777
0.5849018196923881,0.6755622950158896,0.4488935807888071
0.592926592817927,0.6698729121379031,0.44688738750742246
0.6008828938780936,0.6640822536467669,0.44489831224238074
0.6087695199890957,0.6581911950107654,0.4429266557146301
0.6165852788010411,0.6522006268773102,0.44097271601164395
0.6243289886782017,0.6461114549382873,0.43903678854235384
0.6319994788776628,0.6399245997931272,0.4371191659924883
0.6395955897263221,0.6336409968096242,0.4352201382803236
0.6471161727962166,0.6272615959825216,0.43333999251284994
0.6545600910781503,0.6207873617898843,0.43147901294236657
0.6619262191535923,0.6142192730472844,0.42963748092350595
0.6692134433648269,0.6075583227598164,0.4278156748706975
0.676420661983322,0.6008055179719697,0.4260138702160736
0.683546785376296,0.5939618796153757,0.4242323393678302
0.6905907361714546,0.587028442354459,0.4224713516690405
0.6975514494198756,0.580006254430008,0.4207311733569352
0.7044278727570148,0.5728963775006967,0.4190120675226504
0.7112189665618074,0.5656998864825765,0.41731429407145226
0.7179237041138471,0.5584178693865626,0.41563810968344234
0.7245410717486092,0.5510514271539428,0.413983767774752
0.7310700690107055,0.543601673489929,0.4123515184592279
0.7375097088051377,0.5360697346952817,0.4107416085106197
0.7438590175465335,0.5284567494960275,0.40915428132527065
0.7501170353063387,0.5207638688713,0.4075897768853196
0.7562828159579459,0.5129922558793273,0.4060483317224176
0.7623554273197359,0.5051430854815929,0.40453017888197024
0.768333951296011,0.4972175443651985,0.4030355478879015
0.774217484015796,0.48921683076345407,0.4015646647079552
0.7800051359694955,0.4811421542747186,0.40011775171953023
0.7856960321433722,0.47299473567952705,0.398695027676061
0.7912893121518378,0.46477580675602664,0.39729670767394465
0.7967841303675323,0.45648661009374547,0.39592300312002116
0.8021796560491701,0.4481283989057323,0.3945741216996117
0.8074750734671386,0.4397024368390867,0.39325026734511936
0.8126695820268226,0.4312099977839152,0.39195164020519857
0.8177623963896452,0.4226523656807333,0.3906784366144929
0.822752746591801,0.4140308343263526,0.38943084906395375
0.8276398781606606,0.4053467071782786,0.38820906617173906
0.8324230522288407,0.3966012971576419,0.3870132726546941
0.8371015456459081,0.3877959264507051,0.38584364930042725
0.8416746510877111,0.3789319263089649,0.3847003729399765
0.8461416771633163,0.37001063684788793,0.38358361642107514
0.8505019485195393,0.36103340684429946,0.38249354858201945
0.8547548059430468,0.352001593532469,0.38143033422614253
0.8588996064600218,0.34291656239891705,0.3803941340968988
0.8629357234333721,0.3337796869759679,0.3793851048535611
0.8668625466574698,0.3245923486340934,0.37840339904753684
0.8706794824504049,0.31535593637306736,0.377449165099303
0.8743859537437427,0.3060718466119701,0.37652254727596834
0.8779814001697689,0.29674148297806524,0.3756236856694619
0.8814652781462088,0.2873662560945925,0.3747527161753518
0.8848370609584093,0.2779475833675025,0.3739097704723019
0.8880962388389724,0.26848688877116095,0.3730949760021611
0.8912423190448235,0.2589856026330653,0.3723084559506984
0.8942748259317084,0.24944516141759776,0.371550329228977
0.8971933010261031,0.2398670075088542,0.37082071045537845
0.8999973030945302,0.23025258899257137,0.3701197099382716
0.9026864082102664,0.22060335943719814,0.36944743365933763
0.905260209817434,0.210920777674138,0.3688039832575457
0.9077183187924681,0.20120630757718957,0.36818945601378705
0.9100603635029454,0.1914614178412309,0.3676039448361679
0.9122859898637702,0.1816875817601752,0.3670475382459616
0.9143948613907076,0.17188627700422446,0.3665203203642273
0.916386659251255,0.16205898539646915,0.3660223708990904
0.9182610823128456,0.1522071926888551,0.3655537651336928
0.9200178471883751,0.1423323883375612,0.3651145739148105
0.9216566882790455,0.13243606527780966,0.3647048636421427
0.9231773578145217,0.12251971969815682,0.3643246962582738
0.9245796258903891,0.11258485081429197,0.36397412923930683
0.9258632805029129,0.10263296064237236,0.3636532155861759
0.9270281275810899,0.09266555377194155,0.36336200381663175
0.92807399101599,0.08268413713845489,0.36310053795790664
0.9290007126873805,0.07269021979545415,0.3628688575400591
0.9298081524876323,0.06268531268641514,0.36266699758999615
0.9304961883429024,0.052670928416315765,0.3624949886261787
0.931064716231589,0.04264858102295319,0.36235285665400696
0.9315136502000592,0.03261978574803754,0.3622406231618893
0.9318429223756433,0.022586058808111133,0.3621583051179934
0.9320524829768961,0.012548917165315764,0.3621059149676802
0.9321423003211242,0.0025098782980517405,0.3620834606316232
0.9321123608291745,-0.007529540028448448,0.3620909455046105
0.9319626690274884,-0.017567819991583265,0.36212836845503205
0.9316932475474169,-0.027603443940853956,0.36219572382505005
0.9313041371217992,-0.03763489462731688,0.3622930014314543
0.9307953965788043,-0.04766065543296787,0.36242018656720304
0.9301671028330372,-0.05767921060003555,0.3625772600036448
0.9294193508739104,-0.06768904546014029,0.3627641979934265
0.9285522537512827,-0.07768864666329565,0.36298097227408355
0.9275659425583677,-0.08767650240670402,0.3632275500723121
0.9264605664119143,-0.09765110266331829,0.3635038941089257
0.9252362924296622,-0.1076109394101417,0.3638099626044887
0.9238933057050762,-0.11755450685621731,0.36414570928563517
0.922431809279362,-0.12748030167028437,0.36451108339206373
0.9208520241107705,-0.13738682320805867,0.3649060296842116
0.91915418904119,-0.14727257373911368,0.36533048845160665
0.9173385607600384,-0.15713605867331465,0.3657843955218946
0.9154054137654544,-0.16697578678677813,0.36626768227054063
0.9133550403227967,-0.1767902704473288,0.36678027563120497
0.9111877504204586,-0.18657802583940641,0.3673220981067896
0.9089038717230007,-0.19633757318839956,0.36789306778115405
0.9065037495216144,-0.20606743698436467,0.3684930983315006
0.9039877466819164,-0.21576614620510717,0.3691220990414251
0.9013562435890894,-0.22543223453857766,0.3697799748146319
0.898609638090374,-0.2350642406045562,0.3704666261893106
0.8957483454349175,-0.24466070817559715,0.37118194935317483
0.8927727982109963,-0.2542201863971881,0.3719258361591552
0.889683446280612,-0.26374123000710054,0.372698174141751
0.886480756711481,-0.273222399553891,0.373498846534034
0.8831652137064185,-0.2826622616145304,0.3743277322852996
0.8797373185301335,-0.2920593890111161,0.3751847060793707
0.8761975894334464,-0.30141236102663954,0.3760696383535426
0.8725465615749342,-0.3107197636197834,0.3769823953181707
0.8687847869400231,-0.3199801896387022,0.3779228389768983
0.8649128342575358,-0.3291922390337662,0.37889082714752015
0.8609312889137077,-0.3383545190692268,0.3798862134834773
0.8568407528636837,-0.3474656445337833,0.3809088474959833
0.8526418445405111,-0.35652423795000554,0.3819585745767765
0.8483351987616419,-0.36552892978258805,0.38303523602149364
0.843921466632956,-0.3744783586454087,0.3841386690536652
0.839401315450323,-0.3833711715073493,0.38526870684932346
0.8347754285987166,-0.3922060238968563,0.3864251785622251
0.830044505448897,-0.40098158010520435,0.38760790934967987
0.8252092612516732,-0.4096965133884406,0.38881672039898585
0.8202704270297686,-0.4183495061679686,0.390051428954462
0.8152287494673015,-0.42693925022974616,0.391311848345079
0.8100849907968937,-0.435464446922073,0.39259778801268097
0.8048399286844332,-0.44392380735192705,0.3939090535407959
0.7994943561115018,-0.452316052579828,0.39524544668402867
0.7940490812554872,-0.46063991381319375,0.3966067653980324
0.788504927367397,-0.4688941325981677,0.39799280387005487
0.7828627326473938,-0.4770774610098776,0.39940335255005577
0.7771233501180732,-0.48518866184110376,0.4008381981823858
0.7712876474954963,-0.4932265087893307,0.40229712383803007
0.7653565070580033,-0.5011897866421453,0.4037799089474033
0.7593308255128255,-0.5090772914609611,0.40528632933369774
0.7532115138605161,-0.5168878307630357,0.4068161572467751
0.7469994972572178,-0.5246202237017602,0.40836916139759954
0.7406957148747924,-0.5322733012451865,0.40994510699320613
0.7343011197588324,-0.5398459063527664,0.41154375577219604
0.7278166786845712,-0.5473368941502839,0.4131648660407614
0.7212433720107216,-0.5547451321029426,0.41480819270922387
0.7145821935312573,-0.56206950018659,0.4164734873290899
0.707834150325168,-0.569308891057048,0.41816049813061207
0.7010002626041993,-0.5764622102175311,0.41986897006085444
0.6940815635586118,-0.5835283761841183,0.4215986448222514
0.687079099200979,-0.5905063206492569,0.4233492609116595
0.6799939282080412,-0.5973949886432782,0.42512055365989393
0.6728271217606502,-0.604193338693894,0.4269122552717416
0.6655797633818202,-0.6109003429836524,0.428724094866449
0.6582529487729163,-0.6175149875053288,0.43055579851867515
0.6508477856479962,-0.6240362722152326,0.43240708929990523
0.6433653935663404,-0.6304632111843983,0.43427768732031913
0.6358069037631917,-0.6367948327476435,0.4361673097711063
0.6281734589787258,-0.6430301796504738,0.4380756709672228
0.620466213285285,-0.6491683091938053,0.44000248239058276
0.6126863319128987,-0.6552082933764877,0.44194745273367947
0.6048349910731177,-0.6611492190356046,0.44391028794362486
0.5969133777811844,-0.6669901879845337,0.4458906912666079
0.588922689676574,-0.6727303171487381,0.4478883632927606
0.5808641348419294,-0.6783687386992752,0.44990300200142164
0.5727389316204122,-0.6839046001840019,0.4519343028068011
0.5645483084315074,-0.6893370646564531,0.4539819586040273
0.5562935035853052,-0.6946653108023749,0.45604565981557793
0.5479757650952822,-0.6998885330638994,0.4581250944380836
0.5395963504896207,-0.7050059417613309,0.46021994808949906
0.5311565266210867,-0.7100167632125369,0.46232990405663255
0.5226575694755016,-0.7149202398499158,0.46445464334302883
0.5141007639788266,-0.7197156303349335,0.46659384471719745
0.5054874038029019,-0.7244022096702021,0.4687471847611786
0.4968187911698628,-0.7289792693090889,0.47091433791943854
0.48809623665525737,-0.7334461172628411,0.4730949765480899
0.47932105898990873,-0.7378020782052033,0.47528877096442707
0.47049458486053913,-0.7420464935745181,0.47749538949676945
0.4616181487091958,-0.7461787216732912,0.4797144985346052
0.4526930925314977,-0.7501981377652083,0.48194576257902966
0.4437207656737462,-0.7541041341695858,0.48418884429346754
0.4347025246289242,-0.7578961203532435,0.48644340455467305
0.42563973283160933,-0.7615735230197864,0.4887091025040019
0.4165337604518432,-0.7651357861962786,0.4909855955989433
0.40738598418798033,-0.7685823713172982,0.49327253966490914
0.3981977870585516,-0.7719127573063617,0.4955695889472662
0.38897055819316767,-0.7751264406547034,0.49787639616361234
0.37970569262250314,-0.7782229354973997,0.5001926125562783
0.37040459106738943,-0.7812017736868236,0.5025178879450569
0.3610686597270403,-0.7840625048634244,0.504851870780144
0.35169931006645727,-0.7868046965238139,0.5071942081952899
0.34229795860303325,-0.7894279340861564,0.509544546061146
0.3328660266923981,-0.7919318209528466,0.5119025290388046
0.3234049403135243,-0.7943159785704709,0.5142678006335231
0.3139161298531408,-0.7965800464870388,0.516640003248619
0.30440102988948015,-0.7987236824064785,0.5190187782395341
0.29486107897538594,-0.8007465622403871,0.5214037659680576
0.2852977194208257,-0.802648380157029,0.5237946058566976
0.2757123970748325,-0.8044288486275728,0.5261909364431958
0.26610656110691466,-0.8060876984695616,0.5285923954351754
0.25648166378795734,-0.8076246788876109,0.5309986197649149
0.24683916027066077,-0.809039557511324,0.5334092456442391
0.23718050836954363,-0.8103321204304239,0.5358239086195182
0.22750716834053708,-0.8115021722270935,0.53824224362677
0.21782060266021663,-0.8125495360055205,0.5406638850468499
0.20812227580469472,-0.8134740534186407,0.5430884667607305
0.19841365402821434,-0.8142755846920788,0.5455156222048505
0.18869620514146768,-0.8149540086452799,0.5479449844265373
0.178971398289685,-0.8155092227098306,0.550376186139483
0.1692407037305223,-0.8159411429449658,0.5528088597792735
0.15950559261177424,-0.8162497040502591,0.5552426375589604
0.1497675367489596,-0.8164348593754959,0.5576771515246643
0.1400280084028012,-0.816496580927726,0.560112033611204
